principal_component_1,principal_component_2,class
-9.662467795,3.273512224,0
-9.659724129,3.271598644,0
-9.662467795,3.273512224,0
-9.659724129,3.271598644,0
-8.339170241,3.646570513,0
-9.662467795,3.273512224,0
-8.976868335,3.462452029,0
-8.548097558,2.540514398,0
-9.396610641,2.309574826,0
-9.267490971,3.382398557,0
-4.704303372,3.614064173,0
-9.642447354,3.289955923,0
-9.382340665,3.361661557,0
-7.452880781,3.890900822,0
-8.539312327,2.555035886,0
-8.517595185,2.547748137,0
-9.642447354,3.289955923,0
-8.804312226,3.522121509,0
-7.866276418,3.764837236,0
-9.178045075,3.404386855,0
-8.804312226,3.522121509,0
-0.844528937,5.717083331,1
-8.425024121,3.610802911,0
-1.675475795,5.486272936,1
-9.354579371,2.329416473,0
-9.357323037,2.331330053,0
-8.41623889,3.625324399,0
-8.431061448,3.623281642,0
-0.919711175,5.690775412,1
-9.155771113,2.375968931,0
-8.554992141,2.549844904,0
-9.277510722,2.350662587,0
-8.971131444,2.425694898,0
-7.594377698,2.817334906,0
-9.211970971,2.359300793,0
-6.173630263,1.131876839,0
-8.554992141,2.549844904,0
-8.585494513,2.542611164,0
-5.695420187,3.339340432,0
-8.176733191,2.646736336,0
-8.322937845,2.601717521,0
-8.322937845,2.601717521,0
-4.967593243,-2.693988434,0
-7.730387283,1.739941831,0
-9.075958798,2.395301465,0
-3.356769436,0.861764816,0
-9.393866974,2.307661246,0
-5.857737853,-1.892723567,0
-9.20318574,2.373822281,0
-7.373244849,-3.35984307,0
-5.94504601,-6.075761818,0
-6.327381389,2.118464817,0
-9.091465882,1.367392655,0
-8.795831668,2.483450798,0
-2.761050085,4.153556226,1
-8.314152614,2.616239009,0
0.837749419,5.139215023,1
-8.489452389,2.55848311,0
-9.146985882,2.390490419,0
-3.275503908,-4.305818656,0
-8.391221262,2.594992895,0
-8.834393959,0.388933769,0
-9.036671195,2.417056692,0
-8.81284531,1.433277647,0
-8.276371568,2.615729896,0
-8.192413005,2.641545354,0
-8.810101644,1.431364067,0
-6.417938769,3.140158115,0
-8.572005783,1.499671753,0
-7.756738738,1.725291166,0
-8.391221262,2.594992895,0
-8.615828393,1.483745798,0
-9.101094795,1.350837041,0
-8.754581644,0.408266303,0
1.950485393,2.336956628,1
-6.210176787,2.149600434,0
-8.754581644,0.408266303,0
-5.35523805,2.398562727,0
-8.366203635,1.564661392,0
-8.649074431,1.478425639,0
-8.77081404,1.453119294,0
-6.003813151,1.179560048,0
-4.397921506,2.647704082,0
3.04527364,-1.508411,2
-8.630650951,1.481703041,0
0.580801548,-0.128124117,2
-2.475964721,0.068529882,0
-8.081068332,1.648542024,0
2.42312707,4.529545725,1
-8.646330765,1.476512059,0
-8.18949194,1.603014096,0
-7.896173927,-1.417446786,0
-7.896173927,-1.417446786,0
-7.87103585,0.654510192,0
-9.014397234,1.388638769,0
-7.87103585,0.654510192,0
-6.107233255,1.14366327,0
-7.769201721,1.719747176,0
-8.212066337,1.607153619,0
-7.868292184,0.652596612,0
-7.021238047,-3.249834616,0
-8.788380265,1.452990117,0
-2.974432991,2.001724838,0
-8.289134986,1.585907506,0
-8.500805969,0.481764971,0
-4.536201591,1.573785159,0
-7.800004529,0.688235036,0
-8.590810765,0.453414295,0
4.894791853,-4.115806699,2
-7.812940677,0.681130474,0
-7.497776167,0.770684273,0
-8.075328852,-0.42960751,0
-8.741645496,0.415370865,0
-8.41165584,-0.534424981,0
-7.876520595,-0.383055052,0
-8.414399506,-0.532511401,0
-7.736256118,0.700788935,0
-7.791223535,0.673842725,0
-8.934584919,1.407971303,0
-8.937328585,1.409884883,0
1.750466345,3.306318079,1
-8.621313138,0.446180555,0
-8.741645496,0.415370865,0
-8.785084016,0.401032564,0
-8.73890183,0.413457285,0
-7.605178695,-0.309427207,0
-3.929005869,1.750669903,0
-8.101680308,-0.444258175,0
-1.612324406,1.35470441,0
-4.773319992,-2.641606703,0
-4.784792957,1.513573334,0
-7.411073937,0.794586151,0
2.861792481,1.550955433,1
-8.275646256,0.542968094,0
-8.427888237,0.51042801,0
-7.000417298,0.908663467,0
-7.948952849,0.645129801,0
-3.292341167,1.914084618,0
-8.590810765,0.453414295,0
-8.247884962,-0.48927699,0
-7.012628134,-1.171202897,0
-5.295521171,-3.813364623,0
-8.327697277,-0.508609523,0
-7.11471441,-0.162117508,0
-4.888894999,-0.589581901,0
-6.484939623,-0.003272136,0
-7.522065894,-1.313138428,0
8.973340627,1.147722372,1
-0.504476155,1.659003197,1
-6.513988782,-5.197421882,0
-7.021965947,-0.135680411,0
-7.85334027,3.771941799,0
4.063722204,0.84500771,1
-6.513988782,-5.197421882,0
-6.57683083,-0.026561007,0
-4.294382017,-3.548297314,0
0.851413467,2.03216538,1
1.190990742,6.266437959,1
-5.862491552,4.317236195,0
-1.70542665,-4.905191433,0
-7.56863217,-1.327150802,0
1.414014239,0.113111976,2
-4.609969754,0.52949529,0
-7.607919774,-1.34890603,0
-6.678487561,-2.128415669,0
-6.924635451,4.037701407,0
1.62177622,-0.877445704,2
-7.83997407,-1.400778647,0
-5.546042322,0.271505614,0
0.082712699,1.820558341,1
-1.644973423,5.493506676,1
-3.648932084,-3.370361111,0
-3.214715699,0.914200557,0
-1.747961394,1.305277442,0
-6.879611774,0.941033729,0
-1.642229757,5.491593096,1
-7.771690652,-1.394054021,0
-5.430848817,-2.823499243,0
-6.434904368,-2.063935144,0
-6.123595007,-0.928786169,0
2.001973861,-4.910622386,2
-7.117455489,-1.201596331,0
1.33694559,0.091865862,2
-8.458270159,3.605482752,0
-7.116725508,-3.288257982,0
-5.49785434,-5.953029644,0
-8.841540689,2.472586649,0
-5.872130866,-5.005706376,0
1.404844918,0.097002835,2
-4.324159076,-5.628292856,0
-6.173806645,-6.138199587,0
-1.936022,-0.823693251,0
-0.76502236,-4.65096299,0
-4.919219973,-1.633433318,0
-6.132380238,-0.943307656,0
-6.774529685,-2.144287615,0
-5.550630674,-4.93184546,0
-7.116725508,-3.288257982,0
-5.857737853,-1.892723567,0
-5.792198101,-1.884085361,0
-1.04973254,-0.579362942,0
-4.133354804,-3.501235743,0
-5.446528631,-2.828690225,0
-6.971378109,-3.246387392,0
-4.454554561,-2.550818258,0
-6.823839628,-2.156386409,0
-5.841200783,-1.884384359,0
-0.407874624,-0.387647436,2
-3.931021635,-1.361570722,0
-2.222570548,-0.900951506,0
-7.237235264,-2.282449994,0
-6.597270076,-3.142079034,0
-3.519812414,-2.29753738,0
-2.537474005,-3.049813731,0
-4.002950414,-6.563696391,0
-5.526340946,-2.848022759,0
-6.564024037,-3.136758875,0
-6.641941036,-3.146139265,0
-6.498308968,-5.1922309,0
-0.308233658,-1.398033399,2
-2.882238176,-6.255980749,0
-6.501052635,-5.19031732,0
-5.52359728,-2.849936339,0
-6.650726267,-3.160660753,0
1.195448673,-0.981700053,2
-6.060071022,-4.032388587,0
0.296696231,-1.231574352,2
-6.337577524,-6.183347578,0
-6.616923409,-4.176470769,0
0.964973773,6.20208661,1
1.805258445,5.397374519,1
2.055435785,4.428246139,1
-5.180671477,-3.792627623,0
0.656964899,4.04389388,1
-7.276169087,3.929253526,0
-1.618545957,3.416279423,1
-1.755108124,3.388930322,1
-0.380245027,3.756718336,1
-6.403845175,-3.07783158,0
-5.964578893,-4.007865071,0
2.759706204,2.560040823,1
-4.483170523,-2.563113803,0
-0.357839368,-2.448310443,0
-2.378461494,3.219193873,1
2.237630144,4.476671533,1
2.029007255,-2.828713265,2
-6.079044497,-4.027014419,0
-5.040633506,-6.852432508,0
-6.929951703,1.948504538,0
-4.114931324,-3.49795834,0
-5.905205824,-7.104050565,0
-5.55337434,-4.92993188,0
3.631221149,-1.351591734,2
-5.219785285,4.497085978,0
-8.632060789,2.52859879,0
-1.254929825,-5.819402864,0
-2.96363306,-4.205699706,0
-5.445243911,-6.963974605,0
-5.533841457,-6.997828627,0
-5.105618594,-6.883622134,0
-7.089696782,-1.192449011,0
4.662694183,-0.027659059,2
-5.451288064,-5.93901727,0
-2.815541995,-4.165742697,0
-6.085340796,-0.92773471,0
-5.473005205,-5.931729521,0
-7.095738347,-1.208884079,0
-1.928522554,-6.008074039,0
-3.552330552,-5.417011744,0
-5.470261539,-5.933643101,0
-0.405010507,2.712727465,1
-2.666415212,4.174931517,1
-1.311001343,5.58792553,1
-4.012843983,4.827142926,0
-5.448544397,-5.94093085,0
-3.667908147,-2.32359454,0
-4.288945315,1.643188036,0
-7.578397448,3.846804289,0
-5.451288064,-5.93901727,0
1.334379322,-0.942838236,2
-5.047229176,4.556755458,0
-2.206759037,-6.072371379,0
-5.182687243,-6.904868248,0
-5.935708197,-7.111284304,0
-0.687100059,4.721517855,1
-0.847575753,-5.709774347,0
-2.923113016,-4.19422255,0
-5.484180321,0.289121318,0
-7.528835359,1.784580709,0
2.696733736,-4.720587389,2
0.713817662,-5.268408372,2
-4.692222957,-6.757558549,0
1.721846731,-4.998771719,2
0.373587482,-0.17371056,2
-7.869020084,3.766750816,0
-4.681301511,-0.528507955,0
-1.902947042,1.274650938,0
-4.760207462,4.635574285,0
-1.657052315,5.489550338,1
-7.383872051,1.824863646,0
-7.943345066,3.743591123,0
-7.453782476,-1.306413802,0
-8.178143029,3.693632085,0
-3.842480022,-5.495504644,0
-5.849381151,-7.07395613,0
-2.264677828,1.171084764,0
-6.614611875,-0.026051894,0
-7.860234853,3.781272304,0
-4.324710594,4.755937774,0
-7.375812132,3.912146935,0
-8.005029669,2.689357741,0
-6.89889251,0.934608102,0
-0.92061287,0.493460789,1
-6.728522816,-0.067752662,0
0.66647803,0.944261163,1
-6.485194357,3.112442641,0
-1.761450125,2.348216853,1
-5.568316283,1.299923538,0
-5.667661481,3.348487751,0
-7.973970476,1.675461305,0
-7.973970476,1.675461305,0
-5.257740125,-3.813873737,0
1.275260988,-0.962367519,2
5.317481929,-0.885245342,2
-6.511416197,-3.106311433,0
-3.594865297,0.793457131,0
-5.858465753,1.221430638,0
-3.23150598,-6.354002933,0
-3.115929909,0.928158922,0
-5.152232913,-2.743714401,0
-2.594235351,-2.031451844,0
-6.553223041,-0.009996762,0
-6.104790025,0.117471289,0
-7.212942949,-1.240019696,0
-4.816585783,-3.678662832,0
-5.288068703,4.490361352,0
0.113215072,1.827792081,1
-4.985841406,-4.761376067,0
-3.650212567,0.793837067,0
-5.046677658,-5.827475172,0
-7.235649043,3.940730682,0
0.473657992,-4.295036575,0
-1.533550398,-5.885287856,0
-5.000111382,-5.813462798,0
5.919968588,0.307405685,2
-2.086681413,-2.925846912,0
-5.742162846,-3.944748368,0
-5.043933992,-5.829388752,0
0.613142289,4.027967925,1
-4.826648909,-0.570378545,0
-3.092200147,-6.328567411,0
-4.59275731,-5.703834281,0
-5.73941918,-3.946661948,0
-5.365863729,-2.792309616,0
-6.030293962,-1.952393046,0
-4.901701792,2.520615966,0
3.278056902,4.763494069,1
-4.901701792,2.520615966,0
-4.233545765,-2.482198209,0
0.281569,-2.286809308,0
-1.76821959,5.44593599,1
1.498879166,5.322342208,1
-3.772004456,4.893537032,0
-4.604837725,4.667788442,0
-2.797293832,-2.098355063,0
0.472930092,-1.18088237,2
-5.388313008,0.300218538,0
4.030171492,-0.213504648,2
3.013357192,-0.497662789,2
-4.504767214,0.546462427,0
1.171889992,4.18200225,1
-1.960434765,-4.96841203,0
-1.896734397,-0.801938024,0
1.4961355,5.324255788,1
-6.480913824,-3.099077693,0
-3.455386733,-0.203825175,0
-0.296406913,0.680245313,1
-0.418500303,-5.578519779,0
-0.888825778,-3.634589852,0
-3.398625388,-1.222187062,0
-6.678487561,-2.128415669,0
-4.006074518,1.729423789,0
0.887055709,-3.141480436,2
-5.146868618,-4.808437639,0
-5.789454435,-1.885998941,0
-6.395616764,-2.042179917,0
-4.337647807,-4.585353444,0
0.279001716,4.985180697,1
-3.306558863,-3.263008422,0
-5.86926675,-1.905331475,0
-5.180671477,-3.792627623,0
-1.201249209,-2.684664828,0
-5.421511004,-3.859021729,0
-3.600177312,-1.26682594,0
-4.220057034,-3.525137621,0
-5.740399227,1.241814631,0
-2.635912839,4.182165256,1
-6.82584966,4.051659773,0
-5.085184016,-3.754204257,0
-3.040701708,-4.22694582,0
-4.782098398,-3.668606795,0
-5.326023543,-3.820598363,0
-4.698992422,-3.659839412,0
-5.550630674,-4.93184546,0
-4.241774176,-3.517849872,0
5.174875609,0.112362892,2
-4.133354804,-3.501235743,0
-3.245170028,-3.24695329,0
-1.540144545,-4.851678951,0
1.280312535,-5.106656478,2
-6.534974878,2.057390871,0
-4.462912327,-6.703772351,0
1.665775213,6.408556675,1
-5.037892427,-5.812953685,0
-6.982730624,4.011081125,0
4.639129768,-4.184243562,2
-3.724713932,-6.499399052,0
2.264362037,-3.799884402,2
-3.258714691,-6.371801823,0
-7.423712237,2.853152392,0
-4.701559706,3.612150593,0
-5.320538798,-2.78303312,0
-7.005127623,2.97860297,0
-2.976448757,-1.110515787,0
-2.320925728,5.308336733,1
-7.220826485,3.942773439,0
3.234063211,6.840592144,1
-4.34168649,2.678017159,0
-2.127554172,0.163403841,0
-6.744755213,0.977100329,0
-6.210176787,2.149600434,0
1.742843862,6.429802789,1
6.559634405,7.757684901,1
-0.711566169,-4.632381271,0
-6.986704143,2.981880373,0
-5.96945771,-0.886293941,0
-5.521581514,0.262304286,0
-4.050969904,-1.390792759,0
-6.503915686,1.043494435,0
-1.105375578,-1.617161256,2
-5.978242941,-0.900815429,0
-5.108185878,0.388367871,0
-3.354578352,1.90989521,0
-5.703600555,-1.850231339,0
-2.263267989,0.124189016,0
-1.74997716,-1.806963183,0
-4.600079357,-1.55607117,0
0.107050469,-0.249539065,2
-5.736846594,-1.855551499,0
-4.950459151,1.458473198,0
-2.879674496,-4.179884248,0
-2.321099523,-3.003132095,0
-4.230124829,-0.402953483,0
-4.272108055,-4.576715238,0
0.456866188,-1.187661005,2
-0.043056361,-3.401736699,0
-3.095496396,-5.276609857,0
-0.357839368,-2.448310443,0
-2.918962099,-4.201639475,0
-1.955603991,-3.936063053,0
-3.858712419,-4.450651653,0
-4.903164975,-1.641668632,0
-5.891540711,-0.876913551,0
-3.895256356,-4.47432046,0
-3.62061397,-5.42373637,0
-1.56460959,-4.871391421,0
1.883659856,-2.870583855,2
3.487535736,-4.514680446,2
-2.901395875,-4.201510298,0
-4.466381306,-4.629096969,0
-2.934641913,-4.206830458,0
-3.956039263,-0.331239218,0
-3.879576542,-4.469129478,0
-3.62061397,-5.42373637,0
-6.197965952,4.229466798,0
-6.1553821,3.199264472,0
-3.598896829,-5.431024119,0
-4.022483297,-4.495799645,0
-1.597855629,-4.87671158,0
-3.598896829,-5.431024119,0
-3.62061397,-5.42373637,0
-4.247090428,-5.607046742,0
-4.496538803,1.58211409,0
-3.770542337,-0.278365026,0
-1.827166259,-4.930497778,0
-3.543929411,-5.404077909,0
-3.568394456,-5.423790379,0
-3.78164377,-4.429405539,0
2.715154629,-3.675917583,2
-2.426434005,-5.096009259,0
-3.431823383,-5.381427329,0
-3.443902276,-5.385383666,0
-1.992823548,-4.970583965,0
-3.420294486,-5.368819421,0
2.465913961,-3.755245524,2
-1.518043314,-4.857379046,0
3.604749243,-4.46853088,2
-2.841893451,-4.180393362,0
-1.656499732,4.439506365,1
-2.218111551,1.185097139,0
-4.111078255,-5.571046069,0
3.462518108,-3.484348942,2
-1.141018884,-5.777702096,0
-0.730361181,3.670561876,1
-2.206759037,-6.072371379,0
-2.120056807,-6.048469501,0
-2.128842038,-6.062990989,0
-5.056014407,4.54223397,0
-5.074987882,4.547608138,0
-5.526164564,4.422053666,0
3.098053626,5.763199069,1
-3.052912543,-6.306812184,0
-4.972176293,1.465760947,0
-1.765303193,4.421304582,1
-2.50586223,-5.11375414,0
-4.967416861,4.576087991,0
-2.603020582,-2.045973332,0
-4.074232818,4.811087795,0
-5.044485509,4.554841878,0
-4.704303372,3.614064173,0
-5.904347504,2.233284317,0
-5.136672484,3.493374757,0
-1.08035795,-2.64749276,0
-6.117428325,2.17603753,0
-6.108643094,2.190559018,0
-5.681931457,2.29640102,0
-5.360806449,2.383688232,0
-5.729050316,3.332432619,0
-6.210176787,2.149600434,0
-1.518595896,-3.807335072,0
-4.367419133,2.654937821,0
-1.65662277,2.378610287,1
0.877540497,-1.069340273,2
-4.744095515,0.488432812,0
2.440392858,3.505396502,1
-4.663305495,3.613202052,0
2.781302896,-0.549535407,2
-3.57807608,-1.272526036,0
-3.554897836,1.854978261,0
6.138959031,-1.694822487,2
-5.426094053,0.300727652,0
-5.450254425,1.334207381,0
-3.779628004,-1.317164914,0
-3.383329663,-1.218583732,0
-4.205664021,-0.412154812,0
-3.741671641,-3.381784259,0
-4.41270069,-1.494358933,0
-4.408549773,-1.501775859,0
-4.474385292,-2.548592315,0
-4.284013152,3.730797253,0
4.005033415,-2.285461626,2
-4.208407687,-0.410241232,0
-3.754610376,-2.347496418,0
-2.613264759,-6.19386562,0
-4.182652189,4.794473665,0
-2.657983762,-2.044005743,0
-4.483723105,-1.513069829,0
-4.322868623,-0.443290429,0
-2.260647361,-1.938620643,0
1.24163086,-0.969275332,2
-2.716199385,-5.172914506,0
-0.78258752,4.683094489,1
3.232479578,-0.423980935,2
-1.134981557,-5.790180827,0
3.966218977,-2.305656281,2
-0.900354675,-3.64719776,0
-1.44080087,3.475335896,1
-0.698021506,-1.507532739,2
2.668415623,-2.66721213,2
1.696576956,-1.894117841,2
1.211128487,-0.976509071,2
5.19543424,-3.004017256,2
-4.510931816,-1.530868719,0
-5.333773055,4.465597353,0
-1.999722368,-4.990167257,0
-0.897865743,-0.533396562,2
-3.630127101,-2.324103653,0
-2.336606607,-4.031040905,0
1.583269862,1.195825211,1
4.317072756,-3.236974302,2
-1.580160049,-1.759279973,0
0.623942221,-2.179456618,2
-1.159442365,-5.780979498,0
-2.350522802,1.150331111,0
1.029105209,-3.117958495,2
-3.315344094,-3.27752991,0
-1.860969117,-3.914687762,0
-0.363880933,-2.464745511,0
3.600718776,-1.358825473,2
-1.404307691,-2.751568047,0
1.29697813,-0.969655268,2
-3.065166753,-4.24665829,0
-3.226196553,-3.252327459,0
-3.402607812,-2.266401763,0
-3.144979068,-4.265990824,0
-4.452716193,1.598040044,0
-2.556454305,-2.031960958,0
-2.854829598,-4.187497924,0
2.659635694,6.681366837,1
0.724134246,6.135692505,1
1.687492354,6.401268927,1
0.785522015,-3.18243902,2
5.021847714,-2.001303485,2
2.659635694,6.681366837,1
2.700633571,6.680504716,1
4.57756668,7.197998194,1
2.700633571,6.680504716,1
0.197783166,-3.335342594,0
3.622993803,6.94694326,1
-1.327239042,-2.730321933,0
-1.398822946,-1.714002804,0
1.890254004,-3.90419276,2
-1.327239042,-2.730321933,0
-2.849344854,-3.149932681,0
3.856380862,-1.29038861,2
3.354947087,-3.512828795,2
-0.355095702,-2.450224023,0
1.734531796,6.416841874,1
-1.472591108,-2.758292673,0
-2.685017155,-4.125914864,0
2.33855791,0.358493744,2
-3.120213587,-3.221999953,0
-1.990816687,-1.873357288,0
0.389819878,-1.218563552,2
3.544518919,-1.375493612,2
-2.222693585,-2.961847584,0
-0.761601424,-2.571718264,0
6.62496432,-3.633561433,2
2.665119374,-1.615254576,2
-2.315057958,-2.986697027,0
-1.282943266,-2.712835407,0
-4.161113511,-3.510383062,0
-2.815541995,-4.165742697,0
-0.922455906,-3.641497664,0
1.00811338,-5.183432548,2
-2.215544268,-6.086892867,0
-0.073557669,5.925216218,1
4.953184875,-2.023515613,2
-0.269726235,5.862882343,1
2.949400009,-2.575914572,2
6.845797798,-1.500831153,2
-3.175481441,-4.273224563,0
0.370891858,-4.325717088,0
-1.83539467,-5.966149441,0
0.929162989,-5.213516707,2
-3.456841011,-4.351095825,0
-3.280988653,-5.343383899,0
-1.107391343,-4.729401881,0
-2.807064844,-6.244686779,0
-1.595111963,-4.87862516,0
-3.545987487,4.95788838,1
1.669247795,-5.014205212,2
2.610031507,-4.744489267,2
-5.526164564,4.422053666,0
-2.240005075,-6.077691538,0
-2.891880663,-6.273650462,0
3.620429057,-4.463339898,2
4.670489396,-4.173861597,2
-2.65018388,-6.204108131,0
-5.460624812,4.430691872,0
-1.897891842,5.423156233,1
-0.551768809,-5.616434032,0
2.24641431,-4.842993635,2
-2.563954816,-6.181766825,0
-1.196361486,-5.79122201,0
1.063766388,5.203566371,1
-2.002289652,2.281822748,1
-5.479598287,4.436066041,0
3.477470022,-0.365003755,2
-4.1543409,3.753577011,0
-4.679842564,3.604862845,0
-2.492028624,0.061751247,0
-2.031160348,5.38524198,1
-4.224339648,1.65889016,0
-2.243129179,2.215428642,0
6.259036654,1.45170198,1
-0.323913472,-1.403224381,2
-4.611002327,2.590457296,0
-4.688070976,2.569211182,0
-4.447231448,2.635605288,0
-4.202618269,1.68051621,0
-4.468475424,2.644453608,0
-0.88137331,4.669136124,1
-1.860495951,-3.91312719,0
-5.192023991,3.464840894,0
-3.502373649,2.908116451,0
-4.849098188,2.52214961,0
-4.465731758,2.642540028,0
-4.521556431,2.612445594,0
4.885455105,6.253902444,1
1.668815662,-0.861872758,2
-1.418404936,-4.826372606,0
-0.005836804,-2.367215788,0
0.704600298,-1.130597405,2
-3.58265913,2.887223345,0
-1.116000192,2.526153056,1
-0.009560517,2.823174371,1
-2.071606462,2.254394354,0
-4.0798406,1.712626473,0
-3.004462198,1.99605167,0
1.457025295,4.265882883,1
-2.609785809,1.080659603,0
-4.345145172,1.626519898,0
-1.974530946,2.290970067,1
-4.413680737,3.694117646,0
-3.698967339,-1.309698104,0
-4.585984699,1.560125792,0
-4.583241033,1.558212212,0
-2.661536395,1.053360386,0
-1.84382612,0.252787819,0
-3.696951573,1.802542521,0
-2.902676358,-0.03731212,0
-3.6474689,0.791923487,0
0.481158503,-0.145230707,2
-3.339504466,-2.244050181,0
-2.653608419,1.064733649,0
-2.661536395,1.053360386,0
-2.591362329,1.083937006,0
-2.708575837,1.03778744,0
-4.341844686,0.603476142,0
-1.745217728,1.303363862,0
5.951581428,7.577651932,1
3.806345607,0.770274397,2
0.727482775,0.958728642,1
-2.572686702,-0.987107966,0
2.588612213,-2.671530715,2
-3.547825855,0.809030078,0
-3.816171941,-1.340833721,0
-3.780184824,-0.296034739,0
-3.076642305,0.949914149,0
3.203608882,2.679438297,1
-0.304939997,-1.408598549,2
-3.152983054,-2.185486169,0
0.345269368,1.879664699,1
-3.460871478,-1.241390418,0
-0.96387866,-0.543595341,2
-2.193699852,-4.004370739,0
-4.336236904,3.701937464,0
-1.756014488,-1.794484452,0
-3.94987258,2.773584481,0
-0.158686235,3.816686814,1
-2.624737723,-2.038685584,0
-2.104552311,-3.979168288,0
-2.732308744,-2.067165437,0
-1.672908511,-1.785717069,0
-3.422309187,0.853126611,0
0.542414575,-4.286751377,0
-0.065553683,3.844711563,1
4.300059114,-4.287147453,2
-0.886084699,-2.595111029,0
-2.685269302,-2.05159249,0
-1.694625653,-1.778429321,0
-2.528695599,-2.022813638,0
-0.669405544,-1.495237194,2
4.187052456,-0.172926001,2
0.342405252,-1.220710203,2
-1.299480336,-2.721174614,0
3.232479578,-0.423980935,2
0.623942221,-2.179456618,2
3.350970981,-3.500637145,2
-1.318453811,-2.715800445,0
-2.268018516,-2.971124081,0
2.698749502,-1.608346764,2
-0.968638093,-3.653922386,0
9.36604487,0.232590305,1
-2.701806372,-2.059931697,0
-1.321197477,-2.713886865,0
1.562835284,-1.933592666,2
2.269121469,-0.689557358,2
-1.305517663,-2.708695883,0
2.020398406,4.426841673,1
-0.002536318,-3.390259543,0
0.025222389,-3.381112224,0
-0.603818765,2.666175007,1
0.841218398,3.064539641,1
0.960821791,-3.124683121,2
0.991324163,-3.117449381,2
-2.363892147,-4.038627652,0
0.958078125,-3.122769541,2
3.246870004,3.730394277,1
1.921436234,-2.857193118,2
1.9241799,-2.859106698,2
-2.170819962,-0.873652289,0
2.286255561,3.462904274,1
-1.974704741,-6.020498761,0
-3.201002543,2.987417463,0
-4.231104876,4.785523096,0
2.264362037,-3.799884402,2
-1.487236268,-3.796953108,0
2.047814825,-2.82384821,2
-2.101808644,-3.981081868,0
6.57171482,-2.613937821,2
-0.918854984,-3.640263019,0
-1.042400522,4.622074552,1
4.657378995,7.217330728,1
2.322625703,-4.824895747,2
-3.216000419,5.049484937,1
-1.354272435,-4.812231054,0
-3.790252618,2.826149398,0
-0.258325678,-5.548506282,0
-1.518043314,-4.857379046,0
6.509646128,-3.669758855,2
-1.69371929,3.404985453,1
-4.083871067,4.82233188,0
-4.142812003,3.766184918,0
-0.353512069,4.814349057,1
-1.274335433,-1.661696241,2
-1.703057103,4.440507939,1
6.429661083,-2.666373561,2
-2.154411183,5.351571145,1
-2.286269851,4.266761144,1
-3.012941937,5.116388156,1
0.511056012,5.037053315,1
3.700790352,3.854035169,1
-3.991122604,4.848768976,0
0.420322251,-1.211329812,2
-0.600393161,4.731519883,1
-3.175302977,4.024344415,0
2.027292989,4.417511167,1
-2.055625393,5.36552951,1
4.481701955,6.145508571,1
-2.641574982,4.181217691,1
0.159397258,1.840216803,1
-3.533180695,1.847690513,0
-1.133013834,1.475979906,1
-2.224324197,3.2616861,1
1.928211432,3.365374551,1
-3.406629373,0.858317593,0
-3.165965164,2.988821929,0
-1.180128025,2.498111655,1
3.270985936,-2.49725185,2
-4.148296748,2.728619675,0
2.625712386,4.594888372,1
-0.929950684,1.528983275,1
7.051556572,2.704178744,1
4.549684937,5.127954797,1
-2.309573213,-1.949131784,0
5.90959612,2.376397624,1
3.735323191,0.751563501,2
-3.18146966,0.919520716,0
-1.788483518,0.266307732,0
-1.331822091,1.429427447,1
-1.827894159,-1.816343573,0
-0.269121373,0.68783206,1
-1.904962808,-1.837589687,0
-2.60648956,0.02870205,0
-2.325682573,1.156617285,0
-0.382856996,-1.417978939,2
-2.808041484,-0.015936829,0
-1.580160049,-1.759279973,0
5.739956407,1.292096736,1
2.276016052,-0.698887863,2
-2.161181713,-0.884896374,0
-2.469752076,-2.00805908,0
-1.797268749,0.251786245,0
-1.584310966,-1.751863047,0
6.065743451,-3.78915633,2
-2.198578669,-0.882799608,0
-1.052476206,-0.577449362,0
-2.331847175,-0.920713861,0
-2.223427803,-0.904099731,0
0.015159262,-0.272827936,2
0.711197033,-3.205598714,2
-2.572686702,-0.987107966,0
-1.622873256,-3.846380076,0
6.697277189,1.57015189,1
-3.333591192,3.989269113,0
-1.00590993,-0.563436988,2
-0.177660776,-5.512125674,0
3.42212534,-1.406016222,2
-1.408160759,-0.678480318,0
-0.233356093,-2.424917678,0
-1.407051357,-2.749654467,0
-0.302196331,-1.410512129,2
0.223305333,-1.261797964,2
-1.595839863,-1.764470955,0
-1.988073021,-1.875270868,0
5.830520611,-0.742075166,2
-2.198410176,-1.934431235,0
-2.410249651,-1.986942143,0
-0.246676331,-2.433609893,0
-0.47419562,-2.491311784,0
-0.434908017,-2.469556557,0
5.827776945,-0.740161586,2
-0.443693248,-2.484078045,0
2.315303656,-0.677132636,2
-0.758857758,-2.573631844,0
2.876313784,-1.552945985,2
-0.27992237,-2.438930053,0
-1.16621183,-2.683260361,0
0.522408527,-2.220415202,2
-1.277203787,-4.790984941,0
-0.698021506,-1.507532739,2
1.655579079,-1.89325572,2
-0.27992237,-2.438930053,0
-0.767785228,-1.537890715,2
-1.688413008,-3.855018282,0
-0.773502918,-3.612292279,0
-1.256769209,-1.661567064,2
1.665217328,-1.904499806,2
-0.758857758,-2.573631844,0
-1.407051357,-2.749654467,0
-0.518018231,-2.507237738,0
-0.82054236,-3.627865226,0
0.204500351,-2.308055422,0
7.522434629,-0.289795157,2
-1.16621183,-2.683260361,0
-1.700494488,-2.817582216,0
0.204500351,-2.308055422,0
-1.089143181,-2.662014248,0
0.787713099,-2.134308627,2
0.9310494,-5.218578511,2
1.026361543,-3.116044915,2
0.063003434,-3.381621337,0
-1.440678898,-3.797954682,0
4.860820502,-2.048365056,2
3.767662866,-4.426531113,2
0.242454126,-3.331282363,0
1.458180659,-2.986703927,2
6.738226777,-1.529311006,2
-0.73384013,-3.603963348,0
3.273729602,-2.49916543,2
1.035146774,-3.101523427,2
1.029105209,-3.117958495,2
0.998602836,-3.125192234,2
0.95203656,-3.139204608,2
-0.175092427,-3.449929023,0
-0.680759123,-3.571955333,0
-0.169050862,-3.433493955,0
-0.656771481,-3.582717234,0
0.15160098,-3.347767315,0
-0.736583796,-3.602049768,0
-0.725054899,-3.58944186,0
-0.725054899,-3.58944186,0
4.002289748,-2.283548046,2
4.005033415,-2.285461626,2
-0.678015457,-3.573868913,0
-0.725054899,-3.58944186,0
0.414714468,-4.309791134,0
0.785522015,-3.18243902,2
5.851937317,-1.773641315,2
0.071788665,-3.367099849,0
-1.048445739,-3.687154769,0
-1.20947762,-3.720316491,0
5.851937317,-1.773641315,2
2.075573531,-2.814700891,2
-0.332821741,-3.478641947,0
-0.606736226,-5.643380241,0
2.95307776,-2.58489207,2
-0.653470995,-4.605760989,0
-0.205422069,-4.47988059,0
-0.221101883,-4.485071572,0
-0.591608995,-4.588145285,0
5.824178611,-1.782788634,2
1.594017514,-0.886593024,2
0.761232288,-5.266261721,2
0.331604255,-4.347472315,0
1.085182029,-5.162186434,2
0.082536317,-5.449518084,0
-1.648143031,-0.741726199,0
-0.06422092,-4.444492925,0
-2.171977408,5.351441968,1
0.444787296,-1.191617342,2
-0.96430719,-5.739349392,0
-0.007843664,-5.464442464,0
6.426365899,7.719770649,1
-1.643684034,1.344322446,0
0.746287757,2.0049861,1
1.78590088,5.401161035,1
-0.928496406,5.676253925,1
4.774843585,-4.145028736,2
-2.171545275,1.199109513,0
3.698346056,-4.453959507,2
2.684096502,6.672165509,1
2.926044366,-4.666801191,2
0.858913978,6.181971248,1
4.042431435,7.046628265,1
-1.193796741,5.619061147,1
-2.496050186,3.186470602,1
-0.202125821,-5.531838144,0
5.008656832,1.10730673,1
-3.938519,4.85030262,0
-2.293164434,4.27609165,1
-0.537551113,-0.439340992,2
-0.148059034,-1.368019902,2
-1.21076234,0.414967889,0
-1.838518773,2.32697074,1
-1.06896075,2.541726003,1
-2.542789192,4.195176056,1
0.280841099,0.827344897,1
-2.739630792,2.080597674,0
0.322872369,0.847186544,1
-1.650458168,4.455941433,1
-2.446740243,3.198569397,1
-2.542789192,4.195176056,1
-0.06410047,-1.342204444,2
2.203879566,1.36747524,1
1.372204807,4.250819049,1
0.832989987,2.028887978,1
7.550921235,-3.394802043,2
-2.079358301,2.260576634,0
-0.043055296,5.932449957,1
1.765288903,3.308360836,1
7.053562367,-3.532781236,2
8.739439057,-3.068022497,2
6.381384779,4.594752295,1
3.174559722,-2.514711448,2
-2.680985623,2.098566385,0
4.011495865,1.857540324,1
6.519663799,-3.665515438,2
6.803941846,-3.584783031,2
-2.424466282,2.170151473,0
-0.992365267,2.561411545,1
-2.212626807,2.222662382,0
-1.736432497,1.31788535,0
-2.051599594,2.269723953,1
-1.07530275,1.501012535,1
-1.767318959,1.309063958,0
-0.729635868,1.597800074,1
5.081399246,3.200080001,1
4.143786665,-1.20998213,2
-1.038931543,2.54739917,1
-1.460082425,1.387244494,1
5.877980693,-3.85245622,2
-2.303965431,1.149329537,0
-1.201977109,0.429489377,0
0.159781348,1.841804455,1
-1.78574244,1.305786555,0
3.62354532,-3.43728737,2
-0.707534637,1.592099978,1
-0.850571567,-3.633538393,0
-0.513086068,-0.419628522,2
-2.325682573,1.156617285,0
3.110684036,-4.617075224,2
-1.683656163,0.296701165,0
-0.806320427,1.578141613,1
-2.461694745,1.120616613,0
5.072614015,3.185558513,1
0.559680364,-5.3109006,2
-0.850571567,-3.633538393,0
-0.881931195,-3.643920357,0
-2.461694745,1.120616613,0
-1.689866221,1.331897724,0
4.363077544,-2.187931903,2
-1.772251122,-0.778545259,0
-1.216071767,-2.686707585,0
-2.139633064,0.159447504,0
2.908358757,1.564967807,1
-0.970648125,2.554123796,1
-1.446285615,2.437770653,1
-1.714158536,0.289467426,0
-1.321627022,0.397053186,0
2.908358757,1.564967807,1
-1.52537003,-0.695716086,0
-1.347324507,0.387618787,0
-1.500352402,-1.726047589,0
-1.695182473,-0.757299145,0
0.639444636,-1.137647958,2
0.001495214,2.834221707,1
1.481745074,1.169880576,1
-1.380017963,-0.667745346,0
6.395305642,-0.600519571,2
-3.863895663,4.870248161,0
1.22337846,-3.065576763,2
1.220634794,-3.063663183,2
-1.454342946,-0.69090504,0
0.43184856,-0.157329501,2
-3.879575477,4.865057179,0
6.480598033,0.470278055,2
-2.232381527,0.133010408,0
3.633789497,0.710604918,2
0.237575309,-0.209711233,2
2.87160346,0.516993519,2
3.148208267,-2.529362113,2
-1.163468163,-2.685173941,0
-1.89219939,-0.807767297,0
5.721532927,1.288819334,1
-1.207461854,-0.608075866,0
3.794091397,2.830428291,1
3.418524418,-1.407250867,2
-1.686397242,-0.742777658,0
0.256551372,-1.256477804,2
-0.320267095,-4.51451744,0
4.147385,-0.167355082,2
-2.541931937,4.198324281,1
1.250411853,-0.983667642,2
-1.042960994,-2.649589526,0
-0.444802651,-0.412903896,2
-1.015929682,-1.595172958,2
-1.789768238,4.401592112,1
-0.906948822,-2.613588854,0
1.064923833,-1.021527886,2
9.670457491,2.37564854,1
3.585038962,-1.364016455,2
0.61515699,-2.193978106,2
6.715952816,-0.500893082,2
8.685934823,1.067315892,1
0.462129095,-4.307644483,0
3.499193988,-1.384770108,2
-1.015929682,-1.595172958,2
0.142263166,-2.31224483,0
4.296028647,-1.177442046,2
-0.298165864,-4.520217536,0
-1.193796741,5.619061147,1
6.433082019,-0.587128835,2
-1.282710321,-1.675999086,2
1.798915379,-4.977525605,2
4.508734283,-1.106768964,2
0.154342058,-2.308288492,0
7.695543321,-1.280169651,2
-0.028710375,-4.441527886,0
2.499159999,-3.749925365,2
0.603251892,6.113534385,1
0.498116212,-3.2628455,2
1.171158946,-3.065522754,2
0.035244728,-3.390768656,0
-0.028710375,-4.441527886,0
-0.393657993,-4.544741052,0
-1.730265814,4.422709049,1
3.39234828,-3.486011763,2
-0.407146723,-3.50180164,0
3.253038209,-3.540361083,2
9.01146972,-1.9396148,2
-0.028710375,-4.441527886,0
0.736214661,-4.235930218,0
1.560819518,-5.045833291,2
6.081250535,-2.76124752,2
3.237358395,-3.545552066,2
0.492631467,-4.300410743,0
8.300474275,8.220476052,1
-0.12560869,4.8736386,1
-2.305245914,5.313527715,1
3.65259448,1.756862376,1
1.793607017,1.254985577,1
0.288338465,-5.384528445,2
8.476882389,-3.127128854,2
1.931631303,-3.889567379,2
-0.616072975,4.726328901,1
1.272265175,1.113868435,1
-1.395949924,1.401386046,1
4.161049048,-3.274404725,2
2.942630544,0.521804565,2
-1.374962764,3.480759949,1
-0.92519592,4.653210169,1
6.531491609,7.746949929,1
6.561993981,7.754183669,1
-1.9367499,2.290460954,1
1.970186769,-0.782571745,2
1.81733886,-4.974248203,2
1.468376794,5.315108468,1
-1.9367499,2.290460954,1
9.409738125,-2.868786171,2
9.486422684,-2.84912771,2
3.656239841,6.952263419,1
0.789849315,4.080220479,1
6.813028578,6.788203513,1
4.435687196,-4.252734433,2
-1.590784663,2.38403434,1
0.461449237,-5.347410386,2
0.873130609,2.024877632,1
-2.132694042,5.344283397,1
3.208915163,-4.580565438,2
6.615882305,3.620432932,1
-1.759434359,5.460457478,1
-0.662082431,3.691186351,1
0.525149606,-1.180936379,2
1.090061911,1.050429092,1
2.083753899,2.37487088,1
1.387278694,0.096873658,2
1.890377041,-1.843296682,2
-0.733104847,3.672475456,1
1.970491442,0.270620453,2
2.653594129,6.664931769,1
-1.063223858,1.504968872,1
-1.550944477,1.355745593,0
4.708996819,3.087054144,1
-0.874430684,0.505885511,1
6.858309069,1.603313612,1
1.124165205,1.058897476,1
-1.565767036,1.353702836,0
1.142840832,-1.012147495,2
1.139544583,0.039810058,2
4.983639205,2.137638234,1
-1.037521705,1.500503422,1
2.770201709,2.551944962,1
-0.080889686,0.723778723,1
-1.325655409,4.534251146,1
-0.061356804,-1.344118023,2
-0.831894874,3.629603292,1
0.417578584,-1.209416232,2
2.14677441,5.501578984,1
-2.498966582,4.21110201,1
0.599477176,-2.199169088,2
-1.634225771,3.411088441,1
1.481007203,-5.065165825,2
-0.73456803,-0.489809143,2
0.037985806,-2.351289833,0
-0.73456803,-0.489809143,2
1.21240897,-5.140707249,2
-2.038836177,3.299546344,1
-1.634225771,3.411088441,1
2.365459361,0.364492838,2
2.654702467,-4.740429036,2
-0.878461151,3.615590917,1
0.136947979,4.932744957,1
-0.130067686,2.787589956,1
1.842357552,3.32960695,1
-0.704790971,1.590186398,1
-0.354975252,0.652064458,1
2.974802791,5.729528234,1
0.128719568,3.897093294,1
-0.387996865,3.762900616,1
-0.82585331,3.64603836,1
0.295234113,3.940327706,1
0.274246952,1.860953803,1
-0.007290017,2.819700219,1
2.371933058,-3.771404549,2
2.891688925,-2.600947201,2
10.40359861,-2.595976009,2
-0.634321138,2.658941268,1
1.524449376,3.24196673,1
0.038162189,4.918786592,1
-1.927964669,2.304982442,1
7.345900333,-1.364765539,2
2.227991895,4.487915619,1
5.120633505,-1.987345119,2
3.220950681,-0.436588843,2
2.740173322,4.627937569,1
-0.452425134,2.710580815,1
0.885041008,3.080465595,1
4.118041138,2.934503578,1
4.595990161,7.201275597,1
1.255848555,4.207817708,1
2.987765192,5.735263786,1
0.209088703,2.895295653,1
1.778657184,-0.836867057,2
1.399237136,-3.001458486,2
-0.652444182,3.679942266,1
1.922726687,2.327809308,1
3.927964766,-2.306707739,2
3.736432594,-1.319610648,2
-1.337561571,3.507576981,1
1.39704864,-5.090981282,2
0.690767757,3.028083864,1
5.575279165,-3.936466029,2
-0.707534637,1.592099978,1
-0.122139711,2.798963218,1
1.703051719,3.304171428,1
1.076396798,-5.176707922,2
2.280594434,-4.844737394,2
2.039754906,-4.911131499,2
5.575279165,-3.936466029,2
2.926044366,-4.666801191,2
4.614664723,-4.203956032,2
2.357663082,-4.82349128,2
1.48375087,-5.067079404,2
-0.06410047,-1.342204444,2
-1.36562495,2.445237463,1
11.83985054,-2.212132863,2
6.585676716,-3.65531666,2
8.465353492,-3.139736762,2
1.965429924,-4.934291193,2
0.834577223,-0.054625449,2
-1.449026694,1.39829183,1
3.892146141,-4.403138348,2
7.480278241,-3.398025436,2
3.487535736,-4.514680446,2
2.601246276,-4.759010754,2
2.203525785,-4.865983508,2
5.553562024,-3.929178281,2
1.39704864,-5.090981282,2
6.54138094,-3.672803187,2
1.39704864,-5.090981282,2
3.518038108,-4.507446706,2
7.51352428,-3.392705276,2
2.357663082,-4.82349128,2
4.639129768,-4.184243562,2
6.416897665,-3.696195951,2
2.376086563,-4.820213878,2
7.504739049,-3.407226764,2
4.466573658,-4.243913041,2
3.487535736,-4.514680446,2
6.461193441,-3.678709425,2
4.306401114,-3.246433985,2
5.624205018,-3.925954887,2
6.54138094,-3.672803187,2
5.411508287,-3.981614021,2
5.578022832,-3.938379609,2
0.574459548,-1.168837585,2
2.15349053,-2.8053205,2
10.14463603,-1.641369117,2
6.54138094,-3.672803187,2
5.411508287,-3.981614021,2
3.657348179,-4.453097386,2
4.620706288,-4.187520964,2
4.611921057,-4.202042452,2
3.232347881,4.75262992,1
-1.479913156,1.389470438,1
7.996791636,3.990756165,1
2.842085803,-4.692616649,2
1.386421438,0.093725433,2
0.237575309,-0.209711233,2
1.820256321,3.335307045,1
3.666986428,-4.464341472,2
4.623449954,-4.189434544,2
1.199824015,2.127039339,1
3.068829149,2.633159554,1
-1.257497109,1.452587141,1
-0.76532255,1.577279492,1
-0.271137139,-2.424408565,0
4.152144432,2.942971963,1
-0.923909119,1.545418343,1
4.344610689,1.948810953,1
3.434756814,-2.452103859,2
6.964292854,3.715306891,1
2.542774902,3.534489362,1
-1.402844507,1.410716551,1
-0.923909119,1.545418343,1
0.181498489,1.834516707,1
3.847427138,-0.253278472,2
3.193364705,-1.46845399,2
-1.526095342,1.377045716,1
-0.630290671,-0.450764139,2
-0.811636679,-0.511055257,2
-1.346092067,0.377340716,0
0.992006101,-1.050190925,2
-1.194698436,0.421746524,0
2.371328195,1.403645734,1
-0.808893013,-0.512968837,2
-0.568053486,-0.446574731,2
-0.808893013,-0.512968837,2
-0.516002465,0.605002886,1
-0.811636679,-0.511055257,2
-0.811636679,-0.511055257,2
-0.811636679,-0.511055257,2
0.483899581,0.894248116,1
-0.237209162,-0.351829949,2
0.713212799,-0.093358089,2
1.682612472,0.188653401,2
0.719254364,-0.076923021,2
0.688751991,-0.084156761,2
1.00682866,-1.048148168,2
4.591110279,0.988660071,1
0.456140875,0.885100797,1
1.46568117,1.163101941,1
1.419498984,1.150677219,1
-0.128958284,0.716415807,1
5.508286201,1.241811771,1
10.3624737,2.567597117,1
2.398536906,1.421444624,1
2.552068276,-2.695199522,2
-0.953385743,0.489701202,1
1.045390951,1.046368861,1
1.401932759,1.150548042,1
-0.441677482,0.62816258,1
3.104947145,-3.580318093,2
1.435178798,1.155868201,1
2.016753045,-0.768559371,2
5.15371105,-0.930393333,2
1.637888167,-5.024587177,2
-0.494281086,0.626628936,1
5.25810886,2.210940152,1
0.815299075,-1.102443479,2
0.530465858,0.90826049,1
0.793022526,0.967366848,1
3.946212928,-0.239320106,2
7.706344318,1.846592461,1
6.586967169,1.529685767,1
-1.737160397,4.432039555,1
0.176739057,-1.275810338,2
1.244199208,1.092921319,1
-0.910417801,-0.538913472,2
3.489296767,1.713274956,1
-0.438208503,-1.446512802,2
5.477952321,0.182946406,2
-0.648714151,-0.454041541,2
3.899951325,0.799859718,2
8.092102714,-3.240896895,2
0.159352818,-3.353949596,0
9.630316869,2.379658886,1
-0.252713658,-2.421131163,0
5.776884434,1.317353196,1
-1.734416731,4.430125975,1
1.458733242,-4.036747901,2
2.730661713,-2.648008773,2
1.458733242,-4.036747901,2
1.674555142,-2.940022292,2
5.336455404,-0.89061951,2
4.823164575,1.040532688,1
2.554511507,-3.721391502,2
2.202416382,-2.794809359,2
1.0976933,-2.05804167,2
6.604958271,-1.567225258,2
-0.861367261,2.602799949,1
2.323307641,-2.757637291,2
-0.271137139,-2.424408565,0
1.994479083,0.259858553,2
0.763804874,-3.175151272,2
4.203633965,5.029579605,1
5.559046769,-2.891613038,2
-0.373218747,-1.429223025,2
-0.373218747,-1.429223025,2
3.413946036,2.738598664,1
5.918381351,2.390919112,1
-0.373218747,-1.429223025,2
-0.373218747,-1.429223025,2
3.338459956,0.647738973,2
-0.543035858,-1.476906235,2
3.841558304,-1.292431367,2
2.371503513,-0.660464497,2
1.485214053,-0.904794806,2
1.824109389,1.262219317,1
0.309504088,4.992414437,1
0.663177544,1.967304918,1
1.419498984,1.150677219,1
1.441520798,2.196581669,1
2.527952344,3.532446605,1
0.837573037,-2.130861403,2
3.498336733,-1.387918333,2
0.535344675,-2.21331064,2
-0.543035858,-1.476906235,2
0.439481014,6.068386393,1
1.360851228,2.174100911,1
-0.859480851,2.597738144,1
4.373272613,-3.220306163,2
-0.050555807,1.782644089,1
-0.07874563,-2.380864879,0
1.080603647,-1.016336903,2
8.23878394,-2.154044137,2
-0.221827196,-2.412309771,0
3.085113826,-2.536699747,2
1.227966811,2.137774311,1
6.338496253,4.571762423,1
-0.859480851,2.597738144,1
0.588297391,4.035581601,1
3.045826223,-2.558454974,2
-0.233356093,-2.424917678,0
4.17295521,-2.247730559,2
2.190037055,-3.823044096,2
0.53607364,4.006721812,1
1.325769409,-3.021469955,2
2.718450878,-4.727875137,2
2.242088076,-2.771466479,2
5.774868668,-1.794887428,2
3.867433187,-2.319614646,2
0.47639907,-3.255557752,2
1.890933861,-2.864426858,2
2.048287991,-2.822287638,2
0.884867213,-5.231003233,2
1.273718388,-4.073047572,2
1.278729967,-3.037042901,2
1.607385795,-5.031820916,2
3.465818594,-4.507392697,2
1.317236325,-5.110313816,2
0.890351958,-4.19343799,0
-0.517282947,4.769201065,1
0.112313376,-3.369522543,0
1.208555901,-3.067619521,2
3.675771659,-4.449819984,2
2.165019427,-2.792712593,2
0.253983024,-3.318674455,0
1.14978876,4.187702346,1
0.736214661,-4.235930218,0
6.203091532,-1.680680936,2
3.760461269,2.823520479,1
2.089064849,-4.899032705,2
5.546288019,-3.935335278,2
1.218450535,-5.124272182,2
-1.202581972,5.60453966,1
-0.223544049,5.875307064,1
-0.325926093,5.846214204,1
-0.041645458,4.885554208,1
-0.748784661,3.667284473,1
3.088714748,-2.535465101,2
2.631876988,6.672219518,1
1.029279004,5.193510334,1
-1.169335933,5.609859819,1
4.616854284,7.219753422,1
-1.045701008,5.645118307,1
-1.59566348,5.50560547,1
-1.68151736,5.469837868,1
-1.193796741,5.619061147,1
1.659733648,6.392121608,1
-1.202581972,5.60453966,1
0.764279105,6.160595957,1
1.853882797,-4.950579396,2
5.486009652,3.311622098,1
1.80770061,-4.963004117,2
-1.297894115,3.502006063,1
6.615882305,3.620432932,1
-0.069406752,5.917799292,1
-0.012049449,-0.290626826,2
-1.770963256,5.44784957,1
7.41345377,0.728620738,2
1.176643691,-2.027957511,2
6.92628997,-0.441732716,2
-0.596367362,1.635714326,1
6.613138639,3.622346512,1
6.34179674,3.548718667,1
0.366990747,1.901290749,1
-0.964606561,2.570558864,1
-0.412157237,4.796380345,1
0.837573037,-2.130861403,2
4.105529048,-2.25130696,2
5.701273667,-3.904708774,2
0.345269368,1.879664699,1
6.547422505,-3.656368119,2
1.715252583,-3.965162813,2
-0.970648125,2.554123796,1
1.264633786,4.222339196,1
4.204491221,5.03272783,1
3.323764857,-4.559828438,2
3.089089932,-2.548891397,2
1.771078321,5.399118278,1
3.802876628,2.844949779,1
1.699021252,6.413876835,1
3.666986428,-4.464341472,2
-0.000520552,-0.278018918,2
2.69399007,-4.718673809,2
1.271528369,4.213008691,1
-0.455598345,5.823434446,1
0.010400895,5.951031675,1
2.239344409,-2.769552899,2
0.668662289,3.004870161,1
0.682455692,3.015122948,1
3.772374256,2.837716039,1
0.547599949,5.060722122,1
-0.084911248,3.848498079,1
0.753910241,-1.118498611,2
1.96744569,-1.822050568,2
-1.264266574,4.550306278,1
3.241385259,2.692829034,1
2.771058719,-4.697427695,2
2.552241006,-3.71791735,2
-1.591512563,5.498188544,1
8.51081143,8.279636418,1
0.259597124,0.836193218,1
0.132020054,2.874049539,1
1.256201271,1.1070898,1
4.367788933,5.07631525,1
4.19570599,5.018206342,1
6.34123992,4.569848843,1
7.791209245,7.055822693,1
3.704941269,3.846618243,1
0.694236736,0.953408482,1
1.412729519,4.248396356,1
2.518309857,3.514776892,1
-0.779843853,4.681180909,1
3.602559225,3.817525383,1
0.768004899,1.997698351,1
2.524351422,3.53121196,1
0.718697544,0.944207154,1
3.097063609,1.602475043,1
0.178754823,1.836430287,1
2.759706204,2.560040823,1
2.831206454,2.566412441,1
1.790306531,2.278029332,1
2.083922392,1.323239254,1
1.918135747,-1.834149363,2
6.203211981,1.421607545,1
3.324666552,0.637486186,2
3.856380862,-1.29038861,2
3.047280501,1.588815676,1
5.74106581,-0.779077413,2
2.50721733,-0.621249672,2
3.60877187,1.740936421,1
0.793022526,0.967366848,1
3.016778128,1.581581937,1
0.696980402,0.951494902,1
9.062783935,2.211103073,1
3.598275546,-0.332633493,2
2.352523213,0.357388276,2
4.545096585,-0.075396277,2
2.526918706,-3.740778045,2
4.173130528,-4.311840791,2
3.119592305,-2.541657658,2
1.679143493,2.263328783,1
1.280866183,3.177486205,1
-0.294139,1.718163563,1
0.569148598,6.105066001,1
1.159983829,3.155328085,1
0.304019344,3.954849194,1
1.662827443,4.330872522,1
4.098630227,-2.270890253,2
8.93902856,-0.926443896,2
3.892881424,2.873300455,1
4.080206747,-2.274167655,2
7.779559898,3.940926304,1
-0.355527835,1.702108432,1
1.712509982,5.370937423,1
7.700131673,3.923181423,1
5.309422011,-2.972528631,2
3.424737063,-3.483839829,2
-0.195048537,2.785314128,1
0.987127284,2.071380205,1
4.856239533,3.138876877,1
3.641846828,3.83928061,1
3.907703983,2.875343212,1
4.607948603,4.102943453,1
3.907703983,2.875343212,1
0.76526382,0.958219528,1
-0.239344313,2.767827601,1
0.023769176,1.805803783,1
7.510959077,4.906777282,1
0.110471405,1.829705661,1
5.727322345,3.379576776,1
0.693984589,3.027730856,1
5.559777815,4.355911967,1
0.098217196,3.889859555,1
1.675843007,3.286372538,1
4.574702564,4.097623293,1
3.583585749,3.822899551,1
0.671234874,5.095980611,1
0.662624961,3.017348892,1
0.778199968,0.96532409,1
0.159781348,1.841804455,1
4.688438188,6.203434292,1
2.028150245,4.420659392,1
4.236655578,1.918743447,1
-0.114688308,1.768502537,1
1.778657184,-0.836867057,2
-0.239344313,2.767827601,1
0.366990747,1.901290749,1
1.940412296,-3.90395969,2
5.695789987,4.39191264,1
2.681232386,3.571790608,1
3.849442904,2.858962153,1
0.677447519,3.019391649,1
0.157037682,1.843718035,1
-0.457909879,1.673015572,1
0.617168087,0.932162368,1
-0.354975252,0.652064458,1
5.680282903,3.364003829,1
0.121219057,-0.252712574,2
2.11528202,1.333621218,1
10.87374876,-2.475795706,2
1.828139856,-1.84748609,2
1.724037814,-3.950641325,2
-0.952957214,5.685455253,1
1.219181581,2.123252823,1
5.680282903,3.364003829,1
1.508216979,4.286819722,1
1.543607075,1.18749628,1
2.768062906,-2.621191741,2
3.991665134,1.859766267,1
1.269216836,0.062589816,2
-0.352231586,0.650150878,1
3.275918098,-0.409642634,2
2.85373515,-1.57772026,2
2.330806071,0.364676024,2
0.558227151,-0.123984593,2
0.161413024,4.952457427,1
1.962434111,-2.858055239,2
2.961862991,-2.570370582,2
3.324666552,0.637486186,2
2.376988258,0.377100746,2
0.305858727,-0.202986607,2
1.395206669,0.108246921,2
0.146590466,4.95041467,1
1.067664912,0.017950937,2
4.352405902,-2.197391585,2
1.664664745,-0.854455832,2
0.080699014,-0.26418973,2
6.153736134,1.419747974,1
3.31784798,-1.445061226,2
2.920056147,0.525944088,2
1.437426444,-4.02924151,2
2.081915531,-1.773987422,2
1.156683343,4.178371841,1
9.860355399,-0.680709121,2
2.131773388,-2.798032752,2
5.219978702,-4.035909332,2
1.646793848,-1.907777208,2
0.095092027,2.848793079,1
5.752594707,-0.766469505,2
5.178169271,0.101797741,2
4.786492932,-1.030132347,2
3.970677973,-0.219607636,2
9.890132459,1.39928642,1
0.837749419,5.139215023,1
5.450070578,-1.887096992,2
4.503846561,1.999788218,1
2.45169733,0.401848092,2
3.228577401,-3.531159755,2
1.727162983,-2.909574849,2
3.575701149,-0.328493969,2
3.968663272,6.002338395,1
3.002003613,-2.574380928,2
2.307627827,-2.762828273,2
3.257617655,1.647976042,1
1.773645605,-1.872871727,2
3.871885358,0.778912603,2
1.726606163,-1.888444674,2
0.422338017,1.900910813,1
5.712627246,-1.827990635,2
4.945510112,5.224975406,1
0.846358267,-2.116339915,2
3.156136242,-2.517988851,2
3.011646099,-2.556711215,2
3.156136242,-2.517988851,2
3.270985936,-2.49725185,2
3.814349592,-1.310230257,2
3.424737063,-3.483839829,2
7.152179664,-2.467191244,2
-0.034746637,4.905137501,1
0.766165515,6.155534152,1
5.488576936,-3.960367907,2
3.625561086,-0.325046746,2
8.145487563,-1.144337109,2
3.534102012,-4.500668071,2
3.752840308,-4.42857387,2
1.992636048,-3.8750999,2
7.596077673,-2.33389392,2
4.191078254,-3.268731558,2
0.85196605,0.982121406,1
2.702218481,-3.683022146,2
4.59568866,-3.15718946,2
1.771156673,-4.986672924,2
-0.334536006,3.767582485,1
3.648562948,-4.467618874,2
3.666986428,-4.464341472,2
3.122212933,-4.604467316,2
-0.352959486,3.764305083,1
0.518507415,4.006592634,1
0.85123815,4.096275611,1
3.727647363,-1.334132135,2
6.284309016,-2.694344301,2
3.586325763,-4.471808282,2
-0.352959486,3.764305083,1
-1.076203381,5.637884568,1
-0.633639199,4.726199724,1
2.323482959,-4.821747522,2
2.685204839,-4.733195296,2
1.899893318,5.41874981,1
1.96213474,5.451853017,1
-0.352959486,3.764305083,1
2.685204839,-4.733195296,2
0.766165515,6.155534152,1
4.610812719,7.203318354,1
2.616927155,4.580366884,1
2.219206664,4.473394131,1
3.595235096,6.93779594,1
2.610031507,-4.744489267,2
0.239714113,4.96342547,1
0.300718858,4.977892949,1
1.159126574,3.15217986,1
1.656485442,3.290159054,1
2.219206664,4.473394131,1
-0.242644799,3.790871356,1
2.044514339,-1.800804455,2
-0.989501151,5.661786446,1
1.432987714,0.107737808,2
0.31952384,6.024150407,1
8.767887591,7.33009133,1
3.245968308,-1.466920347,2
0.098217196,3.889859555,1
3.515599115,-3.452340928,2
2.504949417,-1.659167923,2
2.442528009,0.385738952,2
3.780426284,-3.396708723,2
1.040026656,3.111092099,1
1.097562422,5.20023496,1
2.230559178,-2.784074387,2
-0.69588529,4.706996367,1
3.185308439,4.737056973,1
2.640485836,-0.58333542,2
1.473685156,-0.917402714,2
0.44937141,3.982819934,1
0.04818194,5.950522562,1
0.335378972,3.965231158,1
-0.3622973,4.799827569,1
4.32726889,5.064838093,1
11.02403299,-0.360215749,1
2.641944782,3.55003538,1
7.16644964,-1.415104513,2
4.267590083,-2.226355268,2
6.901449741,-0.44801889,2
3.656239841,6.952263419,1
2.672447155,3.55726912,1
1.202697037,5.242428189,1
4.089170441,6.037922811,1
4.215370569,-2.226301259,2
3.47880385,0.679978414,2
2.845003264,3.616938599,1
0.488659013,4.004575161,1
4.342091448,5.066880851,1
-0.267105607,3.800072685,1
-0.100591062,3.843307096,1
-0.242644799,3.790871356,1
0.687467271,4.051127619,1
1.23687508,4.213191877,1
-0.275890838,3.785551197,1
-0.264361941,3.798159105,1
0.687467271,4.051127619,1
0.533329974,4.008635392,1
-0.054024786,3.857319471,1
0.696252502,4.065649107,1
0.542115205,4.023156879,1
9.755879238,6.563748596,1
-0.35021582,3.762391503,1
1.662354277,4.329311949,1
1.978367137,4.407000025,1
2.828717522,-0.547388756,2
2.032432859,-0.763368389,2
2.019496711,-0.770472951,2
6.751896558,4.683926158,1
2.654149884,-3.690385062,2
1.053142789,1.040186581,1
-0.019371496,3.857136285,1
0.688195171,0.936973414,1
2.016753045,-0.768559371,2
4.514594213,-0.082630017,2
1.986250672,-0.77579311,2
5.128693423,0.09993817,2
2.288094944,-0.694931526,2
2.133957647,-0.737423754,2
2.13426232,0.315768445,2
2.905786171,-0.526142642,2
5.801902062,0.287021693,2
2.903042505,-0.524229062,2
1.458005342,-0.922593696,2
2.028281942,-0.755951463,2
1.380936693,-0.94383981,2
1.380936693,-0.94383981,2
2.013075294,-0.759581873,2
1.829594134,2.29978456,1
1.458005342,-0.922593696,2
3.424737063,-3.483839829,2
3.215465936,-1.474154086,2
1.604818511,2.240169089,1
7.904043173,3.964319069,1
3.598275546,-0.332633493,2
3.382705793,-3.503681476,2
3.594674624,-0.333868138,2
1.842357552,3.32960695,1
3.551236104,-0.348206439,2
6.903288109,3.700839412,1
2.358564778,0.373823343,2
8.00703008,-1.181638354,2
2.116999938,2.38019104,1
4.027175679,1.862731306,1
7.89714859,3.973649574,1
1.485038735,1.159315425,1
2.573484982,-3.726765671,2
3.414065421,-3.493299512,2
1.966465643,3.36642601,1
2.817068175,-3.662285145,2
2.814324509,-3.660371565,2
2.814324509,-3.660371565,2
1.53507399,-0.901347582,2
4.783071996,-3.109377073,2
2.260336238,-0.704078845,2
1.482770823,0.121397174,2
1.720393518,0.188144288,2
1.722753094,0.184643055,2
0.950756077,1.02499357,1
2.738719044,0.480666919,2
6.80484821,1.598631743,1
1.753086974,1.243508421,1
4.559323186,5.116710711,1
1.620323007,4.309470302,1
6.283581116,0.419809904,2
6.423240731,6.678704173,1
2.849882081,0.495367469,2
1.887381228,0.232939272,2
1.60828749,0.165493707,2
2.204816238,0.319018919,2
9.455920311,-2.856361449,2
3.851753373,-2.324805628,2
4.1481129,-3.281509287,2
-0.085086566,5.91260831,1
4.541627606,1.999279104,1
3.592363091,-4.484287013,2
4.661704165,-4.188383085,2
4.623449954,-4.189434544,2
10.39206971,-2.608583917,2
7.486241885,6.961387186,1
4.627600871,-4.196851469,2
0.735663143,6.148300412,1
4.590203915,-4.194754703,2
3.959876977,-3.346369749,2
4.611921057,-4.202042452,2
8.472539033,3.083049551,1
1.020493773,5.178988846,1
9.440240497,-2.861552432,2
1.496688082,4.274211814,1
6.596348358,-3.645856977,2
3.9252211,-2.304794159,2
1.393753456,5.295162927,1
10.37035257,-2.601296169,2
4.37108153,-4.268436557,2
10.42257208,-2.601350177,2
5.435973332,-3.961901551,2
12.29102722,-2.086578391,2
5.593702646,-3.933188627,2
3.916435869,-2.319315647,2
10.98406345,-2.449229432,2
7.349753401,-3.437853268,2
3.934859349,-2.316038245,2
4.046283439,-4.360646121,2
2.986880619,-3.600702086,2
4.830791296,-2.054038224,2
5.25138277,1.168639031,1
2.011060593,5.462364158,1
3.519501291,-0.345162108,2
1.418771084,4.264831424,1
11.64605045,-2.262954022,2
4.976740384,2.118054941,1
4.885455105,6.253902444,1
2.485063819,3.509456733,1
3.922096996,5.988326021,1
0.128166985,4.947137268,1
2.937573264,-4.654193283,2
0.782397912,5.11068116,1
7.86681471,2.914784208,1
0.353326699,5.008340391,1
7.003527112,-1.472118229,2
6.557061819,5.666574452,1
6.577924877,-3.649134379,2
4.589095578,7.210606102,1
5.608525204,-3.93114587,2
8.126634538,1.963325541,1
7.122578987,2.72288964,1
8.211025234,-2.163191456,2
3.50998608,1.726978056,1
2.130793341,2.390443827,1
2.404021651,2.459009867,1
3.127397489,2.661340409,1
14.25703104,-1.533670319,2
4.022167506,1.867000006,1
4.520635777,-0.066194949,2
5.513770946,2.279377014,1
2.058179452,4.426332559,1
4.576155777,-1.089292713,2
2.659635694,6.681366837,1
5.737772149,-0.768512262,2
6.037425337,-1.735781071,2
2.653594129,6.664931769,1
3.098053626,5.763199069,1
9.738188326,3.43241714,1
2.66237936,6.679453257,1
6.045485255,0.351502218,2
7.147596615,1.692558136,1
6.713209149,-0.498979502,2
11.27146925,-2.368822952,2
2.248983724,6.553389672,1
1.764561003,6.422515041,1
3.36665186,5.838740494,1
7.008843364,0.617078641,2
6.022602779,-1.737823828,2
9.740026694,7.581275442,1
7.501995383,-3.405313184,2
8.581104881,2.078314862,1
6.65713233,1.545248437,1
7.276716285,2.765381868,1
4.956862626,-2.032493111,2
10.60935479,2.650426291,1
3.132819411,3.697563722,1
7.962688341,3.98228778,1
4.273202103,0.901019851,1
5.493632135,0.188137388,2
8.62313615,2.098156509,1
10.46052951,4.668217134,1
8.583848547,2.076401282,1
4.658663716,3.082046348,1
4.414523702,4.038695998,1
5.334297399,-2.952597518,2
5.708726135,4.399017202,1
6.698435699,4.679244289,1
5.73507759,4.413667867,1
7.435727731,-0.299797185,2
4.500377582,4.074463599,1
10.2919992,1.512742098,1
6.92500525,3.693551664,1
10.54985237,2.629309354,1
6.144271045,0.365460584,2
8.401829506,-0.036134343,2
8.401829506,-0.036134343,2
11.30758365,0.765785907,1
4.786492932,-1.030132347,2
5.398019556,-2.938674609,2
6.475113289,-0.567287188,2
8.432331878,-0.028900604,2
5.752594707,-0.766469505,2
4.845438536,0.012114765,2
6.444610916,-0.574520927,2
5.549152135,-0.834960376,2
5.70530053,2.333672326,1
5.481252807,-0.84009735,2
5.513770946,2.279377014,1
2.900475221,6.747760943,1
11.34223694,0.76560272,1
9.365187615,0.229442079,1
5.509011514,-0.83095003,2
7.481909917,-0.287372464,2
5.057109519,1.1162573,1
6.402075107,-3.698238708,2
6.507026564,7.727237459,1
7.833448222,-0.192824432,2